private_ip_id,ip_address,network_interface_id
1,10.0.123.62,164
2,10.0.226.164,12
3,10.0.106.139,79
4,10.0.72.1,105
5,10.0.142.154,4
6,10.0.9.84,71
7,10.0.23.163,126
8,10.0.200.145,113
9,10.0.239.180,45
10,10.0.217.181,180
11,10.0.65.174,113
12,10.0.243.215,154
13,10.0.54.60,171
14,10.0.185.135,72
15,10.0.59.92,111
16,10.0.204.136,199
17,10.0.247.180,187
18,10.0.253.118,78
19,10.0.52.88,40
20,10.0.12.222,74
21,10.0.249.235,155
22,10.0.135.27,186
23,10.0.106.146,29
24,10.0.176.83,136
25,10.0.83.90,4
26,10.0.28.131,186
27,10.0.32.187,1
28,10.0.10.108,42
29,10.0.228.191,74
30,10.0.242.123,62
31,10.0.13.171,15
32,10.0.32.74,184
33,10.0.182.20,135
34,10.0.65.92,93
35,10.0.59.188,146
36,10.0.153.125,190
37,10.0.84.188,3
38,10.0.157.252,134
39,10.0.232.10,108
40,10.0.211.51,141
41,10.0.171.208,143
42,10.0.152.156,34
43,10.0.30.97,130
44,10.0.91.150,141
45,10.0.17.102,23
46,10.0.145.11,73
47,10.0.102.87,35
48,10.0.213.180,156
49,10.0.176.177,94
50,10.0.184.87,61
51,10.0.126.247,185
52,10.0.229.97,66
53,10.0.78.62,43
54,10.0.170.77,108
55,10.0.1.152,87
56,10.0.177.133,21
57,10.0.201.46,45
58,10.0.161.181,159
59,10.0.141.30,138
60,10.0.80.100,80
61,10.0.92.129,199
62,10.0.147.184,96
63,10.0.146.139,186
64,10.0.130.60,179
65,10.0.43.146,191
66,10.0.4.1,185
67,10.0.152.179,118
68,10.0.77.50,71
69,10.0.180.186,173
70,10.0.72.128,107
71,10.0.167.32,67
72,10.0.204.110,25
73,10.0.147.206,42
74,10.0.167.10,149
75,10.0.0.248,197
76,10.0.39.230,137
77,10.0.8.113,47
78,10.0.179.36,123
79,10.0.118.90,22
80,10.0.216.134,125
81,10.0.193.218,99
82,10.0.148.70,199
83,10.0.56.91,2
84,10.0.114.52,112
85,10.0.210.57,44
86,10.0.88.129,97
87,10.0.63.238,18
88,10.0.184.30,147
89,10.0.255.252,168
90,10.0.19.202,188
91,10.0.249.166,175
92,10.0.97.42,49
93,10.0.53.148,91
94,10.0.130.16,188
95,10.0.168.75,132
96,10.0.175.216,66
97,10.0.78.85,49
98,10.0.100.64,92
99,10.0.251.36,120
100,10.0.72.237,83
101,10.0.230.173,37
102,10.0.90.97,100
103,10.0.19.53,70
104,10.0.192.87,125
105,10.0.77.150,37
106,10.0.58.82,56
107,10.0.224.199,163
108,10.0.102.178,7
109,10.0.198.202,13
110,10.0.84.145,7
111,10.0.151.156,44
112,10.0.90.58,172
113,10.0.247.201,197
114,10.0.233.40,110
115,10.0.149.67,169
116,10.0.213.79,10
117,10.0.187.73,22
118,10.0.225.253,83
119,10.0.21.231,23
120,10.0.168.123,190
121,10.0.75.50,92
122,10.0.155.213,49
123,10.0.187.245,143
124,10.0.29.196,103
125,10.0.229.173,6
126,10.0.189.99,63
127,10.0.191.200,157
128,10.0.213.111,57
129,10.0.47.99,196
130,10.0.37.251,180
131,10.0.75.32,199
132,10.0.98.73,56
133,10.0.97.79,50
134,10.0.136.224,35
135,10.0.89.101,157
136,10.0.233.17,33
137,10.0.184.252,64
138,10.0.201.223,131
139,10.0.226.232,68
140,10.0.161.77,138
141,10.0.2.53,94
142,10.0.124.241,74
143,10.0.70.158,164
144,10.0.26.238,113
145,10.0.116.114,34
146,10.0.140.137,46
147,10.0.163.164,7
148,10.0.120.214,172
149,10.0.137.36,3
150,10.0.8.134,94
151,10.0.123.4,25
152,10.0.115.104,91
153,10.0.211.82,134
154,10.0.118.46,81
155,10.0.81.35,80
156,10.0.85.235,108
157,10.0.124.190,133
158,10.0.232.63,16
159,10.0.98.124,170
160,10.0.165.107,51
161,10.0.253.177,147
162,10.0.72.4,136
163,10.0.180.25,126
164,10.0.107.137,161
165,10.0.102.137,126
166,10.0.221.51,145
167,10.0.210.154,149
168,10.0.1.248,21
169,10.0.108.201,104
170,10.0.191.49,89
171,10.0.208.22,198
172,10.0.12.222,5
173,10.0.201.36,91
174,10.0.222.148,24
175,10.0.74.136,82
176,10.0.81.22,7
177,10.0.202.3,14
178,10.0.192.225,147
179,10.0.227.31,159
180,10.0.81.32,155
181,10.0.73.102,143
182,10.0.21.105,197
183,10.0.209.136,125
184,10.0.148.158,184
185,10.0.206.99,103
186,10.0.64.216,22
187,10.0.230.4,25
188,10.0.77.234,136
189,10.0.17.89,93
190,10.0.61.45,152
191,10.0.2.199,32
192,10.0.56.57,144
193,10.0.213.212,4
194,10.0.135.45,66
195,10.0.92.176,133
196,10.0.35.49,185
197,10.0.121.161,120
198,10.0.29.176,114
199,10.0.111.70,38
200,10.0.67.224,23
