public_ip_id,ip_address,network_interface_id
1,203.0.206.172,37
2,203.0.66.97,174
3,203.0.92.208,154
4,203.0.2.153,114
5,203.0.192.192,149
6,203.0.196.200,63
7,203.0.169.70,145
8,203.0.56.153,130
9,203.0.178.249,28
10,203.0.200.52,186
11,203.0.156.43,168
12,203.0.16.118,127
13,203.0.92.59,62
14,203.0.104.214,2
15,203.0.20.74,188
16,203.0.80.169,18
17,203.0.113.54,37
18,203.0.6.119,44
19,203.0.59.109,147
20,203.0.173.1,16
21,203.0.225.180,176
22,203.0.55.254,5
23,203.0.213.201,119
24,203.0.71.72,198
25,203.0.226.53,71
26,203.0.90.141,67
27,203.0.233.154,167
28,203.0.52.214,199
29,203.0.136.21,130
30,203.0.52.189,190
31,203.0.83.19,63
32,203.0.142.34,65
33,203.0.206.9,171
34,203.0.220.147,42
35,203.0.254.41,77
36,203.0.225.192,104
37,203.0.128.41,94
38,203.0.254.61,109
39,203.0.251.111,158
40,203.0.11.53,142
41,203.0.137.166,198
42,203.0.4.139,131
43,203.0.193.103,28
44,203.0.62.92,180
45,203.0.13.183,169
46,203.0.134.69,121
47,203.0.205.91,15
48,203.0.182.76,125
49,203.0.84.2,47
50,203.0.217.141,132
51,203.0.124.31,190
52,203.0.242.25,120
53,203.0.99.243,152
54,203.0.151.3,91
55,203.0.3.23,167
56,203.0.108.194,169
57,203.0.88.147,75
58,203.0.14.97,160
59,203.0.209.128,89
60,203.0.66.240,90
61,203.0.187.152,113
62,203.0.237.162,124
63,203.0.45.19,17
64,203.0.125.126,144
65,203.0.33.214,124
66,203.0.213.245,64
67,203.0.9.89,134
68,203.0.227.149,5
69,203.0.145.243,57
70,203.0.95.86,85
71,203.0.217.187,67
72,203.0.127.41,186
73,203.0.239.111,181
74,203.0.59.195,123
75,203.0.22.235,116
76,203.0.242.68,51
77,203.0.206.51,171
78,203.0.20.73,167
79,203.0.16.179,54
80,203.0.86.11,192
81,203.0.53.211,61
82,203.0.241.45,15
83,203.0.181.181,165
84,203.0.162.148,67
85,203.0.225.153,87
86,203.0.101.45,71
87,203.0.14.97,133
88,203.0.143.163,159
89,203.0.175.105,171
90,203.0.216.62,146
91,203.0.30.128,187
92,203.0.112.240,53
93,203.0.231.248,92
94,203.0.90.239,75
95,203.0.34.251,142
96,203.0.114.200,195
97,203.0.247.82,122
98,203.0.13.26,110
99,203.0.102.7,47
100,203.0.5.188,47
101,203.0.182.204,167
102,203.0.252.243,3
103,203.0.206.187,151
104,203.0.15.168,21
105,203.0.21.159,107
106,203.0.63.115,200
107,203.0.126.25,172
108,203.0.177.107,134
109,203.0.182.91,130
110,203.0.246.229,164
111,203.0.240.128,101
112,203.0.70.179,19
113,203.0.100.181,139
114,203.0.184.206,181
115,203.0.56.205,83
116,203.0.74.206,198
117,203.0.224.15,200
118,203.0.51.83,135
119,203.0.4.196,11
120,203.0.91.92,37
121,203.0.143.10,67
122,203.0.149.152,86
123,203.0.197.185,197
124,203.0.12.71,93
125,203.0.234.238,134
126,203.0.130.116,31
127,203.0.86.57,44
128,203.0.153.64,36
129,203.0.5.179,32
130,203.0.31.61,135
131,203.0.152.172,130
132,203.0.98.253,186
133,203.0.197.211,1
134,203.0.191.54,166
135,203.0.182.181,82
136,203.0.214.24,16
137,203.0.217.7,32
138,203.0.33.165,35
139,203.0.150.203,154
140,203.0.36.182,120
141,203.0.31.195,192
142,203.0.39.189,56
143,203.0.247.49,71
144,203.0.55.113,15
145,203.0.99.151,151
146,203.0.88.123,83
147,203.0.197.132,129
148,203.0.15.9,13
149,203.0.179.150,94
150,203.0.78.48,144
151,203.0.42.178,28
152,203.0.244.193,168
153,203.0.175.192,40
154,203.0.245.201,1
155,203.0.197.199,96
156,203.0.112.178,79
157,203.0.64.97,22
158,203.0.168.7,14
159,203.0.113.120,34
160,203.0.157.160,148
161,203.0.165.31,190
162,203.0.219.27,68
163,203.0.171.242,94
164,203.0.48.252,46
165,203.0.98.224,18
166,203.0.8.247,37
167,203.0.17.30,175
168,203.0.219.5,102
169,203.0.238.69,124
170,203.0.26.70,57
171,203.0.118.181,108
172,203.0.103.120,176
173,203.0.169.139,91
174,203.0.130.48,128
175,203.0.200.7,187
176,203.0.44.245,35
177,203.0.26.100,145
178,203.0.10.173,158
179,203.0.255.97,43
180,203.0.164.122,152
181,203.0.73.159,85
182,203.0.217.189,194
183,203.0.232.242,43
184,203.0.142.211,140
185,203.0.14.225,188
186,203.0.52.115,134
187,203.0.220.227,107
188,203.0.250.79,55
189,203.0.128.80,186
190,203.0.156.157,78
191,203.0.3.99,112
192,203.0.47.35,77
193,203.0.174.15,135
194,203.0.122.241,127
195,203.0.22.17,109
196,203.0.241.46,127
197,203.0.35.11,109
198,203.0.216.31,21
199,203.0.114.40,15
200,203.0.238.113,17
